tweet_id,text,ideal_intent,ideal_escalate,ideal_escalate_reason,brand_reply
523862,"@AppleSupport I am contacting you from Kuwait.My dead iPhone was acting like mad 😡, calling and moving among among apps like https://t.co/7NFocWYnWj doesn't have an office im kuwait.I tried to fix it at your agent but useless.Can I replace it and pay ...thanks for your care",bug_feature,False,Can be auto-handled with standard troubleshooting steps.,"@241087 No worries at all. Can you let us know the iOS version you have installed? Also, did you try restarting the iPhone? Send us a DM. https://t.co/GDrqU2kzhr"
1188225,@AppleSupport Since updating to iOS 11 I’m not receiving text alerts on my watch now yet I receive them for WhatsApp &amp; calls 😤,ios_update,False,Can be auto-handled with standard troubleshooting steps.,"@399425 We have a few questions. Which type of iPhone and version of iOS 11 are you using? Also, which Watch and watchOS are you using?"
689398,@115858 get your coding team together to fix this shitty update so my phone can stop freezing and glitching,ios_update,True,Customer expresses high frustration.,@284740 We can help. What iOS version are you currently using?
1482399,Interesting how the jack in my iPhone wont pick up that my headphones are plugged in right when the iPhone X came out. Love/hate you @115858,battery_power,False,Can be auto-handled with standard troubleshooting steps.,"@464207 We're happy to help. Which iPhone and iOS version do you have? Also, do any other headphones work with your iPhone?"
2850868,@115858 how do you get a notification to disappear without a home button on the iPhone X? Nobody at Cardiff Apple store knew!!!!! #coulddoitonthe6plus,hardware_purchase,True,Requires store appointment or checking order status.,"@792698 Thanks for reaching out. We're happy to help. To clear notifications on your iPhone X, follow the steps as outlined here: https://t.co/2txgOv5s2M Let us know if you have any other questions. We're here for you."
1550280,@AppleSupport  FIX THIS I️ nonsense I’m tired of correcting I️ OKAY?,bug_feature,False,Can be auto-handled with standard troubleshooting steps.,"@479825 We're here to help you. Try out the steps in this article: https://t.co/xU1AGHStV6
Questions? DM us. https://t.co/GDrqU22YpT"
1833613,@AppleSupport whatever the latest update of iOS did it needs to be fixed Ive had to charge my phone 3x in 1 day with same usuage as usual,ios_update,False,Can be auto-handled with standard troubleshooting steps.,@550043 We'd like to help! Send us a DM with the country that you are located in and we will continue from there. https://t.co/GDrqU22YpT
1586345,Why isn’t it blurry? Don’t you really see this @115858 @AppleSupport? https://t.co/Z61LIP7NC8,bug_feature,False,Can be auto-handled with standard troubleshooting steps.,@309456 Hi. We're here to help. Have you tried restarting with these steps: https://t.co/OWRDHWSt4h Let us know if this helps.
1703011,Uhm.... the “I️” is still not working on a lot of apps.... @AppleSupport,bug_feature,False,Can be auto-handled with standard troubleshooting steps.,@304002 Here’s what you can do to work around the issue until it’s fixed in a future software update: https://t.co/uQeXsrrlXJ
1886343,thanks @115858.. my phone battery sucks ever since the new update 🚮,ios_update,False,Can be auto-handled with standard troubleshooting steps.,"@562608 Battery life is important, and we're here for you. DM us the iOS version your iPhone is running, and we'll go from there. https://t.co/GDrqU22YpT"
2549076,@AppleSupport Is this email true? https://t.co/uqA0zO9nXF,bug_feature,False,Can be auto-handled with standard troubleshooting steps.,@724287 That does not look to be from us and we ask you to report this email using the following link: https://t.co/sayPykspsk
1329304,@AppleSupport @115858 oh hey it's still loading God knows what. https://t.co/xCMy3Q0vmy,bug_feature,False,Can be auto-handled with standard troubleshooting steps.,@430158 That's not expected. We'll make things right. What happened before this screen? Did you set up as new or restore a backup?
1477508,@AppleSupport It’s even worse during a workout mode when I need access to my stopwatch immediately. Big fail on your part.,bug_feature,False,Can be auto-handled with standard troubleshooting steps.,@463065 We want your Apple Watch to work seamlessly with watchOS 4. Have you had the chance to update to watchOS 4.0.1?
2322514,"@AppleSupport hello, I was wondering if there is a SuperDrive (disc reader) for apple MacBook with only thunderbolt usb-c connection? Cause I have a new MacBook Pro 15” which I bought 3 weeks ago.",bug_feature,False,Can be auto-handled with standard troubleshooting steps.,"@672979 Thanks for reaching out to us. We are always happy to help. We don't have a SuperDrive that natively supports Thunderbolt 3/USB-C. However, we do sell a USB-C to USB Adapter that will allow our current SuperDrive to work."
1748931,@AppleSupport is his email real or not ? It was sent to my junk so just curious https://t.co/K3eAtwcdtx,bug_feature,False,Can be auto-handled with standard troubleshooting steps.,@527159 Thanks for bringing this to our attention. Please review our resource on these emails here: https://t.co/LNMCdqt6fD
1710948,@115858 my iphone has frozen/turned off multiple times since 11OS updates. I’ve never had problems with previous updates. Not happy 😡,ios_update,False,Can be auto-handled with standard troubleshooting steps.,"@518300 We're here to help. When you have a free moment, can you please tell us which version of iOS you are currently running?"
2847234,"Does anyone else's ""Reachability"" function on their #iPhone8 keep randomly stop working? I have to restart my #IPhone every time it happens @AppleSupport. Kinda aggravating @115858. 😕",bug_feature,False,Can be auto-handled with standard troubleshooting steps.,"@178506 We want to help you enjoy all the features on your iPhone 8. To start, please DM us with the country where you're located and the iOS version you're using on your iPhone 8. You can find this by going to Settings &gt; General &gt; About. We look forward to working with you. https://t.co/GDrqU22YpT"
460882,@AppleSupport @13773 no changes to subscription &amp; can not access HBONow without opening a new account. Is there a glitch?,bug_feature,False,Can be auto-handled with standard troubleshooting steps.,@224494 Our iTunes Store team will be best able to help you sort out what's going on. You can reach out to them here: https://t.co/SDIe7UiyJN
1000223,"Wth @115858, I've been clicking ""download &amp; install"" for almost a week now but the update doesn't want to start download. 🤔",ios_update,False,Can be auto-handled with standard troubleshooting steps.,@356800 We'd be happy to help you get your apps updated. Have you tried another Wi-Fi network? Please DM us your device and version of OS: https://t.co/GDrqU22YpT
2487256,"@AppleSupport I’ve read the iCloud Drive documentation, but I can’t figure out what no icon next to a folder means on macOS. https://t.co/QOkti7Q8nv",bug_feature,False,Can be auto-handled with standard troubleshooting steps.,"@123986 Hi there. That's a great question. When you don't see an iCloud status icon, this indicates the file has been downloaded."
1366398,@AppleSupport CAN U PLEASE ANSWER MY DMs,bug_feature,False,Can be auto-handled with standard troubleshooting steps.,@424003 We've gotten your DM and will be working with you there.
1118206,"@AppleSupport I won’t get WhatsApp notifications till I open the app, ever since updating to iOS 11. Currently using iOS 11.0.3. Pls help.",ios_update,False,Can be auto-handled with standard troubleshooting steps.,@383848 Thanks for reaching out. We've also received your DM and will respond from there to help with your WhatsApp notifications.
1297957,@115858 support what’s the fix for the back arrow failure,other,False,Can be auto-handled with standard troubleshooting steps.,@423336 We want to help. DM us the device and OS it's using here: https://t.co/GDrqU22YpT
1867774,"@115858 literally the new iPhone update has broken my phone, nothing works and I hate it, can’t even hang up calls or FaceTime😤 #conspiracy",ios_update,False,Can be auto-handled with standard troubleshooting steps.,@557939 We want to look into this with you. What happens when you try to end calls? Please send your answer in a DM. https://t.co/GDrqU22YpT
2752714,"@115858 really trying set us up to get fired from our jobs. The iOS 11 update got the alarm clock sound super low, no matter how loud you make the volume on your phone. 😒",ios_update,False,Can be auto-handled with standard troubleshooting steps.,"@770594 We know how important having your Alarms work properly is. Let's work together towards a resolution! To help get us started, may we get the exact iOS version currently on your device? This can be found in Settings &gt; General &gt; About."
1954179,It’s not moving at all @AppleSupport . None of my stuff is in my iCloud... https://t.co/HyfDHNPuh4,bug_feature,False,Can be auto-handled with standard troubleshooting steps.,"@580103 Thanks for reaching out, we want to help! What model of device is this? Are you using cellular data or Wi-Fi right now? https://t.co/GDrqU22YpT"
1357290,En Febrero cumplo 2 años con un problema con mi iMac que pertenece a un lote que salió fallado al mercado. @115858 no me ha resuelto,other,False,Can be auto-handled with standard troubleshooting steps.,@436446 We offer support via Twitter in English. Get help in Spanish here: https://t.co/IBIY3vMgPj or join https://t.co/OczyRx7IOs
2033127,@AppleSupport my iPhone x battery is getting drained even when its kept at home in box. Pls help,battery_power,False,Can be auto-handled with standard troubleshooting steps.,@161904 We want to be sure you get the most out of your iPhone battery life. Send us a DM so we can look into this further with you. https://t.co/GDrqU22YpT
1991069,I updated my phone so why tf am I still seeing boxes nshit like I got an Android?! @AppleSupport,ios_update,True,Customer expresses high frustration.,@589265 We're happy to assist. Which iOS version are you currently running? Go to Settings &gt; General &gt; About for the version. DM us. https://t.co/GDrqU22YpT
629673,@115858 @AppleSupport still no response from my complaint I submitted via the support agent and also https://t.co/ATIKQgKVoc - does legal action get one?,bug_feature,False,Can be auto-handled with standard troubleshooting steps.,@269164 Thanks for reaching out to us. We'd like to know more about what is going on. DM us the details and we'll go from there. https://t.co/GDrqU22YpT
2918907,"@115858 @AppleSupport do you know your cases and protection link on your accessories page is broken? I've tried on my mobile, laptop and iPad and cant access it also tried on my cellular network and wifi. #JustHelping 😁 https://t.co/toJ15qudfD",hardware_purchase,True,Requires store appointment or checking order status.,@807889 Thanks Chris. We've escalated this appropriately. Let us know if you have any other questions.
2311606,"@AppleSupport I keep getting my account ""locked for security reasons"" and I'm getting tired of it, don't want to jump through hoops when I just want to watch netflix on my apple TV. Can my account be whitelisted or at least some IPs or domains?",bug_feature,False,Can be auto-handled with standard troubleshooting steps.,"@670386 We know how important it is to have access to your Apple ID. This can help if your Apple ID is locked or disabled: https://t.co/DYEXEbD7Im Specific to questions about your Apple TV, please contact our Apple TV team via phone support through: https://t.co/IBIY3vMgPj"
2069021,"@AppleSupport is there a reason the new iPhone update has slowed down my phone and has so many errors, the same time as a new release?",ios_update,False,Can be auto-handled with standard troubleshooting steps.,@611860 Let's meet in DM and we'll look into these issues you're experiencing. Let us know which iOS 11 version you have to get started. https://t.co/GDrqU22YpT
2047529,@AppleSupport my iPhone7 will continually ask for my gmail password when I'm not doing anything it's happening every minute how do I stop it,bug_feature,False,Can be auto-handled with standard troubleshooting steps.,"@442656 We're here to help. Do you get any errors when you input your password? Also, which version of iOS are you currently running?"
1794927,@115858 I’d like to know where the fuck my memes go when I added them to a specific meme photo album and can’t even find them💆🏻‍♂️🤦🏻‍♂️,other,True,Customer expresses high frustration.,@539367 We can defintely look into this with you. Let's get together in DM and look into this further. Which device are you using? https://t.co/GDrqU22YpT
1748758,@AppleSupport you guys need to fix the auto correct glitch in your software.  Our i’s are turning into I️,bug_feature,False,Can be auto-handled with standard troubleshooting steps.,@527110 Here’s what you can do to work around the issue until it’s fixed in a future software update: https://t.co/xXaXeeSRt9
2051477,Hey @AppleSupport @115858 Where's the update that makes my phone stop shutting off when my battery is at 98%?,ios_update,False,Can be auto-handled with standard troubleshooting steps.,@456286 We can assist you. Please DM us via the following link with more details on when this started and what is taking place. https://t.co/GDrqU2kzhr
1166651,Solicité recuperar mi contraseña de iTunes.. han pasado mas de 48 hrs sin respuesta 😡 @AppleSupport @3183,bug_feature,False,Can be auto-handled with standard troubleshooting steps.,@394424 We offer support via Twitter in English. Get help in Spanish here: https://t.co/IBIY3vMgPj or join https://t.co/OczyRx7IOs
546566,"@AppleSupport why does my IPhone SE keep vibrating even though there’s no notifications 
I’m on IOS 11.2",ios_update,False,Can be auto-handled with standard troubleshooting steps.,@247094 We'd be happy to look into this issue with you. Please DM us any troubleshooting actions you've attempted on your own and we'll get this sorted out. https://t.co/GDrqU22YpT
558812,Could @sprintcare or @AppleSupport explain to me why half the names in my contact list just disappeared. What is going on? Please fix the issue or system. 😫😑 #iamroemelloe,bug_feature,False,Can be auto-handled with standard troubleshooting steps.,@250592 We would love to look into this for you. Can you confirm what iOS version you are running? Let us know via DM. https://t.co/GDrqU22YpT
486087,"@AppleSupport seriously? This #Ios11 update has got to be THE WORST. My iPhone 6 lags, freezes, randomly turns off, I open up Snapchat &amp; it wont record it just starts snapping pictures then freezes. You guys need to fix this or I’m going to @125607 😡",ios_update,False,Can be auto-handled with standard troubleshooting steps.,@230638 Let's get your iPhone running just as you expect it. Could you join us in DM with some more info on what you're seeing after that update? https://t.co/GDrqU22YpT
1228039,"@AppleSupport genius told me to restore as new, been stuck for an hour https://t.co/9gXWiLbmFM",hardware_purchase,True,Requires store appointment or checking order status.,"@133586 We're here to help. Send us a DM, and we can assist you with the restore. https://t.co/GDrqU22YpT"
356444,"@AppleSupport Wow! now my #iPhone7Plus won't even boot up after facing performance issues.
#myLASTiPhone",bug_feature,False,Can be auto-handled with standard troubleshooting steps.,@200633 We understand the concern over your devices performance. Let's take a look into options in DM.
2278014,Hey @115858 it would be nice if my screen would quit getting stuck sideways aftert the latest iPhone update,ios_update,False,Can be auto-handled with standard troubleshooting steps.,@662418 We'd like to help. DM us what iOS version you're on in Settings &gt; General &gt; About. https://t.co/GDrqU2kzhr
1991011,Every time I️ type an I️ it changes it 🙈 @115858 fix iOS 11 with this,ios_update,False,Can be auto-handled with standard troubleshooting steps.,"@589246  We know this can be an issue for you here. What's the full iOS version installed? Send us a DM, and we'll go from there. https://t.co/GDrqU22YpT"
2031725,I’ve had my X for 2 days and lost my adapter @AppleSupport help,bug_feature,False,Can be auto-handled with standard troubleshooting steps.,@600771 Thanks for reaching out. Which particular accessory are you unable to locate? Let us know via a DM. We’ll go from there. https://t.co/GDrqU22YpT
1070166,@AppleSupport Why is the Iphone 8 rated with IP67 if it isnt fully water proof? I thought IP67 meant its fully waterproof...,bug_feature,False,Can be auto-handled with standard troubleshooting steps.,"@372515 To learn more about water resistance with the iPhone 8, take a look at this: https://t.co/7BYhy7G38U"
1063098,@AppleSupport sinds ios11 duurt het minuten om mijn telefoon opgestarten iphone7 is dit normaal ?,ios_update,False,Can be auto-handled with standard troubleshooting steps.,@371022 We offer support via Twitter in English. Contact us for help in your preferred language here: https://t.co/IBIY3vMgPj
2052191,@AppleSupport this update on maps is gonna end up being the cause of my death from getting in a wreck cuz it lags and sucks,ios_update,False,Can be auto-handled with standard troubleshooting steps.,@606908 We want to help with Maps. Please send us a DM letting us know the device and software version you're using. https://t.co/GDrqU22YpT
440635,"Dear @115858, your iOS update is completely awful. Now our phones have so much lag and glitches they are almost unusable. #help #iphonefail",ios_update,False,Can be auto-handled with standard troubleshooting steps.,@219539 We're happy to help. Please let us know more about the issues that you're encountering in a DM. We'll get started from there. https://t.co/GDrqU22YpT
1876977,"Hey @115858 - have you guys just given up? Slow phone, can’t log into my Apple TV and Mac Air is slow as shit. You guys even trying anymore?",bug_feature,True,Customer expresses high frustration.,@560303 That should not be happening. Let us help. Send us a DM telling us more about what's happening with your devices. https://t.co/GDrqU22YpT
714202,@115858 -just bought a ipod touch yesterday and it won't work. Tech support couldn't help. Gotta solve error 4013. #havetogobacktoapplestore,hardware_purchase,True,Requires store appointment or checking order status.,@290845 We'd be happy to check this out. Does anything show on iPod display?Let us know in DM. https://t.co/GDrqU22YpT
2138925,"@115858: update ready to install for MacOs
Me: Probably a good idea
Macbook after updates: I forgot what a capital i looks like. Ok if I just show something else instead?

@115858 thanks for breaking a month old computer this AM with the same bug that got my phone this weekend... https://t.co/JM1P01Nz6V",ios_update,False,Can be auto-handled with standard troubleshooting steps.,@629077 We'd like to look into this with you further. DM us which macOS version you're running to get started. https://t.co/GDrqU22YpT
1172232,"@AppleSupport Store staff couldn't fix my issue yest, set up a call. Staff called today had no idea what I needed. Apple's better than this.",hardware_purchase,True,Requires store appointment or checking order status.,"@395729 We want to help you. DM us, and let us know what's going on. We'll look into this. https://t.co/GDrqU2kzhr"
1420643,@AppleSupport Hi. Since iOS 11. The speaker on my iPhone 6S is very distant and not clear. I have the latest software. iOS 11.0.3,ios_update,False,Can be auto-handled with standard troubleshooting steps.,@326454 We’ve got just what you need. Let us know if these steps help: https://t.co/4Kux8rhhGX
537630,"Every time my phone reset i will send you a message until you fix this shit @AppleSupport
 Fix the damn phone. I can’t take it anymore, I NEED THE FUCKING PHONE WITH NO BUGS.",bug_feature,True,Customer expresses high frustration.,@244621 We want to work on this with you. When did this start happening? Which iOS are you running? Which iPhone do you have?
513598,@AppleSupport why my iphone gives me thiss ??!!!??! #help pleaseeeeeeee @115858 @116333 https://t.co/RIOualKLMm,bug_feature,False,Can be auto-handled with standard troubleshooting steps.,@238206 Sorry you're having issues! How long has this been going on for? Let us know in a DM. https://t.co/GDrqU22YpT
1709352,@AppleSupport I wanted to report an inbound scamming service from the below number. Called pretending to be Apple trying to steal money https://t.co/iiNMWd9hXw,bug_feature,False,Can be auto-handled with standard troubleshooting steps.,@517953 We appreciate you bring this to our attention. Check out this link for more information: https://t.co/LNMCdqt6fD
2128175,Hey @AppleSupport! My Lightning to SD Card reader is importing photos on my 7 Plus pixilated &amp; not full resolution. Why is this?,bug_feature,False,Can be auto-handled with standard troubleshooting steps.,@351367 We'd love to look into this with you. Join us in DM and provide us with your software version. Click here: https://t.co/GDrqU22YpT
2408451,"So @AppleSupport @115858, you wanna explain to me why my phone won’t charge every time I plug it in? Or is this just another one of your plots to get your customers to spend more of their money? 🤔 https://t.co/kVfQecZIsw",battery_power,False,Can be auto-handled with standard troubleshooting steps.,@692550 We'll do everything we can to help! Check out this article regarding issues with charging your device and then let us know what you discover: https://t.co/uqxquyfdn0
1908489,@115858 explain to me why my phones constantly freezing after your update and I can’t hear during phone calls????,ios_update,False,Can be auto-handled with standard troubleshooting steps.,"@568554 We'd love to look into this further with you. Send us a DM with details of what you're experiencing, and we'll go from there: https://t.co/GDrqU22YpT"
584712,"@AppleSupport the adapter for my sons iphone7 has failed to work he’s only been using it since October 26th, it was bought 2 months prior but opened for his birthday .",bug_feature,False,Can be auto-handled with standard troubleshooting steps.,@257981 We'll do everything we can to make sure the accessories for your son's iPhone are working as they should. Which iOS version is currently installed on the device? Let us know via DM and we'll continue with you there. https://t.co/GDrqU22YpT
1499977,"@115858 @AppleSupport to Indian users;Old apple products aren't working ..ok, but we're busy in selling iPhoneX so..WAIT! #crazy! @116333",bug_feature,False,Can be auto-handled with standard troubleshooting steps.,"@137646 Please join us in DM to take a closer look at your case, and determine the best steps to continue support. https://t.co/GDrqU22YpT"
2237291,#phising @AppleSupport @115858 @115858 #apple https://t.co/jX54fxpTDa,bug_feature,False,Can be auto-handled with standard troubleshooting steps.,"@652410 Thanks for bringing this to our attention. This email definitely isn't from Apple. Don't click any links in the email you received, and please take a moment to review this link: https://t.co/LNMCdqt6fD DM us with any questions. https://t.co/GDrqU22YpT"
2050582,"@AppleSupport love apple but took a phone in for a clean,girlfriend asked if they could do hers also and they broke the loud speaker 😢",bug_feature,False,Can be auto-handled with standard troubleshooting steps.,@606407 We’d be glad to take a look at the situation. Can you start by giving us more information about the visit via DM? https://t.co/GDrqU2kzhr
266927,@115858 OS11 has crippled the iPhone 6s+ From poor battery life to strange lagging. The message is clear buy the 8. #rottenapple #nosupport,battery_power,False,Can be auto-handled with standard troubleshooting steps.,@179617 We'd like to help. Please reach out to us in DM and we'll get going. https://t.co/GDrqU22YpT
234981,@AppleSupport what have you done to my iPad? Keeps going sleep while I’m using it and repeatedly takes screenshots for no apparent reason,hardware_purchase,True,Requires store appointment or checking order status.,@171963 We'd love to help out with your iPad! Which version of iOS are you using under Settings &gt; General &gt; About? DM us here. https://t.co/GDrqU22YpT
1863487,"@115858 y’all need to fix iOS 11, it has gone from kinda neat to my phone dying and barely working normally anymore",ios_update,False,Can be auto-handled with standard troubleshooting steps.,"@556792 That’s not the experience we want for you. Tell us which version of iOS 11 your iPhone is on, and we’ll help out."
81825,@AppleSupport I am beginning to believe the rumor that the latest iPhone upgrade is faulty in part to force us to buy new phones...I’m on a fixed income now my phone should not be worn out...it’s certainly no fun to use now it’s so slow.. iPhoto slow and the phone drops calls..,ios_update,False,Can be auto-handled with standard troubleshooting steps.,@134124 We want to help. Which iOS version is your device currently running?
1716590,"@115858 @AppleSupport so I charged my phone fully barely 5-6 hours ago it’s down to 23% and it’s getting really hot, again #PokemonGO 🤔👎🏻 https://t.co/eTIY6BGBCs",battery_power,False,Can be auto-handled with standard troubleshooting steps.,@265520 We'd like to investigate this with you. Please send us a DM with which version of iOS you're updated to. https://t.co/GDrqU22YpT
1134158,"@115858, your last 2+ iOS updates feature a disconnect between turning Bluetooth off from swipe up screen and the on/off switch in settings.",ios_update,False,Can be auto-handled with standard troubleshooting steps.,@252840 This is intended. You can read more on that here: https://t.co/G7BHuQnDS6
1889157,@AppleSupport @115858 what a load of nonsense new IOS is. Battery draining and phone getting really warm.,ios_update,False,Can be auto-handled with standard troubleshooting steps.,@563375 We’re happy to help with any complications you’re facing. How long ago did you update? Let us know via a DM. https://t.co/GDrqU22YpT
2016211,I️ I️ I️ I️ why is this happening @AppleSupport,bug_feature,False,Can be auto-handled with standard troubleshooting steps.,@409605 Thanks for reaching out. We have a workaround for this here: https://t.co/xXaXeeSRt9 DM us if you still need help. https://t.co/GDrqU22YpT
431385,@115858 @AppleSupport why does my perfectly good phone just literally stop working after a new update comes out :-),ios_update,False,Can be auto-handled with standard troubleshooting steps.,@217554 That's not the experience we want you to have. DM us details using the link below. We're glad to help. https://t.co/GDrqU22YpT
1882367,@AppleSupport voiceover not reading sms properly on ios11.03 possibly needs a bug fix #accessibility,ios_update,False,Can be auto-handled with standard troubleshooting steps.,"@561733 Thanks for reaching out, we want to look into this with you. Meet up in DM and let us know what you're seeing/hearing today. https://t.co/GDrqU22YpT"
1275124,@115948 @AppleSupport Apple music apps is asking me to join again. Im an active member. What is happening and how can I solve it?,bug_feature,False,Can be auto-handled with standard troubleshooting steps.,@418486 Thanks. We’re investigating and will update our System Status page as more info becomes available: https://t.co/Fcu0biZf0L
1699812,"Hey @AppleSupport want to pay for my phone bill since wifi is SO SLOW since the ios11 upgrade?! Yes, all troubleshooting was done. #fixit",ios_update,False,Can be auto-handled with standard troubleshooting steps.,@515478 We're here to help with any issues you encounter. Please DM us. https://t.co/GDrqU22YpT
1716682,Should of never updated to IOS11. Like @AppleSupport what is going on with this “ I️ “,ios_update,False,Can be auto-handled with standard troubleshooting steps.,@519849 Here’s what you can do to work around the issue until it’s fixed in a future software update: https://t.co/xXaXeeSRt9
1657829,".@115858, this is unacceptable. Shouldnt be having a bug like this replace ""the letter after h"" on something called an IPhone! @156471 https://t.co/2HMbNOC4V4",other,False,Can be auto-handled with standard troubleshooting steps.,@505831 Here’s what you can do to work around the issue until it’s fixed in a future software update: https://t.co/xXaXeeSRt9
1565188,@115858 I️ was my letter “I️” back wtfff !,other,False,Can be auto-handled with standard troubleshooting steps.,@483211 Check out this article and let us know if it helps: https://t.co/xU1AGHStV6
657765,my@phone won’t stop freezing @115858 leave mealone i’m not buying the new phone,hardware_purchase,True,Requires store appointment or checking order status.,@276589 We'd love to look into this with you. Please click here to join us in DM. We'll continue there: https://t.co/GDrqU22YpT
2286099,.@115858 when are you going to fix this obnoxious “I️ “ bug???? Driving me CRAZY.,other,False,Can be auto-handled with standard troubleshooting steps.,@664311 We'd like to help. Let's take this to DM and we'll explore ways to provide you assistance. https://t.co/GDrqU22YpT
2136602,@AppleSupport any help with this? I’m not trying to download or purchase anything but keep getting this error message very frequently https://t.co/FyPFbiQjvP,bug_feature,False,Can be auto-handled with standard troubleshooting steps.,@628522 We'd love to help.  You've come to the right place.  Have you tried restarting since this appeared? https://t.co/OWRDHWSt4h
488029,@115858 super disappointed. Recently having problems with my iphone 6s. Impossible to fix it.,bug_feature,False,Can be auto-handled with standard troubleshooting steps.,@231168 We’re happy to help with any complications you’re facing. Could you let us know more details via a DM? We’ll keep moving from there. https://t.co/GDrqU22YpT
541178,@115858 #ios1112 has left new #iPhone8 useless. Keeps going back to home screen. Any ideas on next update?,ios_update,False,Can be auto-handled with standard troubleshooting steps.,@245546 We've released an update that should help with this issue. Check out this article: https://t.co/osZOKKTalm Let us know if this helps!
1175576,"@AppleSupport iOS 11.0.3 horrendous. Battery drains fast and took 7 hrs today to charge to 5%!?!?Will there be a fix??
#ios11",ios_update,False,Can be auto-handled with standard troubleshooting steps.,@396535 We’d love to help with your battery. Let's take a look at this further for you. Reach out to us in DM. https://t.co/GDrqU22YpT
2629022,.@115858 macOS High Sierra is very very very... buggy! It cannot even remember the Keyboard input source. 😡,bug_feature,False,Can be auto-handled with standard troubleshooting steps.,"@742500 We'd love to look into this with you. DM us more details about the bugs you mentioned, including which computer you're using, and we'll get started and sorting all of this out. https://t.co/GDrqU22YpT"
1050841,"Cada vez que actualizo IOS cuando se prende tengo el bluetooth activado. Qué pasa, querés pelear @115858?",ios_update,False,Can be auto-handled with standard troubleshooting steps.,@368331 We offer support via Twitter in English. Get help in Spanish here: https://t.co/IBIY3vMgPj or join https://t.co/OczyRx7IOs
1886662,"wtf ios 11 is so fucking buggy. My photos app crashed and when I reopened it I had 0 photos, then it started restoring them? @AppleSupport",ios_update,True,Customer expresses high frustration.,@562716 We want to be sure you have access to all of your photos. Have they since restored? DM us and let us know. https://t.co/GDrqU22YpT
1532247,@AppleSupport when will the 11.2 Beta be our for the #iphoneX ?! 😞😧 can’t use the new phone until I get it updated to match my current phone,ios_update,False,Can be auto-handled with standard troubleshooting steps.,@174562 Let's work together in a DM. Please meet us there. https://t.co/GDrqU22YpT
1709239,Just fully charged my iphone &amp; it reads 51% @115858 are terrible at declaring their true percentages #ParadisePapers,battery_power,False,Can be auto-handled with standard troubleshooting steps.,@517917 Having your iPhone's battery life indicate as accurately as possible is important. What iOS version is on the iPhone currently?
2509398,My phone decided to fuck me over and update last night and set my time back an hour.. and I missed my app. Wtf @115858,ios_update,True,Customer expresses high frustration.,@715350 We appreciate you getting in contact with us. We definitely know how important having the correct time is on your iPhone. Please send us a DM. https://t.co/GDrqU22YpT
570189,"Wtf @AppleSupport ..I’ve tried everything on my iPhone X to use AirDrop and I can’t, never had this issue with any of my other iPhones!",bug_feature,False,Can be auto-handled with standard troubleshooting steps.,@253844 We're glad you've reached out to us. AirDrop is a great way to get data moved from one device to another. What type of device are we AirDropping to or from? Please DM us. https://t.co/GDrqU22YpT
2353613,"@AppleSupport hey, I’m unable to download anything from the App Store, I can search and click and t asks for verification but then never downloads the app - very frustrating!!",hardware_purchase,True,Requires store appointment or checking order status.,@680085 We'll be happy to work with you to get your apps updated. Were you able to verify the information requested? Have you tried updating over another Wi-Fi connection? Please DM us the device and OS version running: https://t.co/GDrqU22YpT
821245,My old iPhone 5s exploded Lool @115858 can you fix it x,other,False,Can be auto-handled with standard troubleshooting steps.,@315612 We’re here to help. Let’s team up in DM and we’ll do our best to assist you. https://t.co/GDrqU22YpT
1372472,"@AppleSupport Hi, i’ve updated my iPhone 6 Plus to the new IOS 11.1, and the battery life has gone worse than before. It drains fast. 😢🙄",ios_update,False,Can be auto-handled with standard troubleshooting steps.,@439413 Having great battery life is important. Here's how to ensure that you're getting the most out of it: https://t.co/bivpdfBNJ6
2429201,Why y’all still ain’t fix the damn “I” ?????? Damn @115858 😤😠,other,False,Can be auto-handled with standard troubleshooting steps.,@239915 We'd be glad to be of assistance. We have addressed this issue in our recent iOS 11.1.1 update: https://t.co/uQeXsrrlXJ
2831842,"What is going on, @AppleSupport? My iPhone has deleted a whole bunch of numbers...",bug_feature,False,Can be auto-handled with standard troubleshooting steps.,@788465 We'd like to help with your missing numbers. DM us which iPhone you have and its iOS version. We'll start there. https://t.co/GDrqU22YpT
1807753,"@AppleSupport should my laptop charger be hot enough to burn me, because it just completely blistered my skin...?",battery_power,False,Can be auto-handled with standard troubleshooting steps.,"@543091 We'd really like to look into this with you further. Meet us in DM with some details, and we'll pick up there. https://t.co/GDrqU22YpT"
2297803,So my Apple charger and cord may not be supported by my iPhone. That makes sense @115858 #forcedupgrades,ios_update,False,Can be auto-handled with standard troubleshooting steps.,@667027 Let's take a look at this for you. Reach out to us in DM https://t.co/GDrqU22YpT
797634,@115858 horrible el ios 11.03 ojala pudiera desinstalarlo y volver al antiguo! 😡 Horrible las notificaciones que debes borrar una por una 😤,ios_update,False,Can be auto-handled with standard troubleshooting steps.,@310166 We offer support via Twitter in English. Get help in Spanish here: https://t.co/IBIY3vMgPj or join https://t.co/OczyRx7IOs
388555,@115858 @AppleSupport  I can’t update to iOS 11.0.2,ios_update,False,Can be auto-handled with standard troubleshooting steps.,@207938 Are you trying to update through Wi-Fi or through iTunes? Let us know and we'll help update.
2758234,"this the first time y’all actually told the truth about something @115858 — y’all weren’t lying when you said it’ll take 2 hours to complete an update, yet my iphone 8 that y’all claimed was so spectacular is acting like a 1999 Android",ios_update,False,Can be auto-handled with standard troubleshooting steps.,@771859 We're here for any issues you may be experiencing. What's happening with your new device? Join us in DM; we'll continue from there. https://t.co/GDrqU22YpT
1993427,@115858 Fix this NOW! https://t.co/sl3NXqyBVk,other,False,Can be auto-handled with standard troubleshooting steps.,@589945  We'd be more than happy to lend a hand. Send us a DM telling us which iPhone you're using &amp; its iOS version number. https://t.co/GDrqU22YpT
1863424,@AppleSupport I predownloaded Niall Horan's album but if won't download on my phone and says it's unavailable. Please figure your shit out,bug_feature,True,Customer expresses high frustration.,"@380232 We're happy to look into this with you. DM us which device you're attempting to download your pre-order to, to start. https://t.co/GDrqU22YpT"
1974425,@115858 I’ve also been passed around 3 different “senior advisors” all of whom have had me on hold for at least 30 minutes each.,other,False,Can be auto-handled with standard troubleshooting steps.,"@584703 That’s definitely not the experience we want for you. So that we can look into this further, use the link below to DM us. https://t.co/GDrqU22YpT"
199348,"@AppleSupport now what? After upgrade to #HighSierra I can’t login to my MacBook Air (2013). I signed in with AppleID, now this https://t.co/KHlmWJmGDn",ios_update,False,Can be auto-handled with standard troubleshooting steps.,"@162986 We want to help. Please send us a DM, so we can take a closer look. https://t.co/GDrqU22YpT"
1578497,@115858 I’m getting FED UP with the “eye” letter changing to weird stuff!! FIX IT PLEASE,other,False,Can be auto-handled with standard troubleshooting steps.,@201208 Hi there. We've got your back. Check out this link to get this squared away: https://t.co/xXaXeeSRt9 Questions? Let us know. https://t.co/GDrqU22YpT
752991,@AppleSupport Why is my phone doing this all of a sudden? I'm in America. https://t.co/I8NS2SeFTZ,bug_feature,False,Can be auto-handled with standard troubleshooting steps.,@249424 We'd like to help. Use the link to check which country you're signed in on your iPhone: https://t.co/Ps98mtDxy0
1002967,@AppleSupport is this for real? I’ve never seen this pop up till now. I’ve ignored it. https://t.co/WvjvnDWkGS,bug_feature,False,Can be auto-handled with standard troubleshooting steps.,@302862 That is not from us and we'd like to have you use the following link to report this as phishing: https://t.co/sayPykspsk
994495,IOS 11.0.3 with Charge Quickly Finish. Slow Charging. When the problem is solved. @115858 @AppleSupport  @2185 🙄🤔😒,ios_update,False,Can be auto-handled with standard troubleshooting steps.,"@355561 We're here for you. Send us a DM, and we'll take a closer look at the issue together. https://t.co/GDrqU22YpT"
2985072,@AppleSupport went on two extra walks this evening and it’s still not unlocked :( https://t.co/g1KSfJ0iSF,bug_feature,False,Can be auto-handled with standard troubleshooting steps.,@339805 Great job! You will see the award within 9 days of completing the Activity Challenge. More info here: https://t.co/Tvl37DsUM1
2057200,Time and date do not appear on lock screen. Publish a new update @115858 @AppleSupport,ios_update,False,Can be auto-handled with standard troubleshooting steps.,@316767 Hey there. Please send us a DM and tell us what version of iOS you're currently on. We'll meet you there to help out. https://t.co/GDrqU22YpT
1922003,@AppleSupport @115858 Since 11 iOS download iPhone responding sucks. 1-2 sec delay on every action &amp;/or have to tap everything twice. 11.0.3,ios_update,False,Can be auto-handled with standard troubleshooting steps.,"@216656 Let's take a look at your iPhone's performance together. To start, DM us with the country where you're located. https://t.co/GDrqU22YpT"
2093752,"This “I️” issue is problematic. Please get this resolved, @115858.",other,False,Can be auto-handled with standard troubleshooting steps.,@618643 Here’s what you can do to work around the issue until it’s fixed in a future software update: https://t.co/qODbOsp4wz
800409,Need my iPhone to stop adjusting the brightness on its own😤 @AppleSupport HELPPPPP,bug_feature,False,Can be auto-handled with standard troubleshooting steps.,@310723 We'd like to take a look into this for you. Which iPhone do you have? And when did you first encounter this issue?
2901939,Help @AppleSupport I can’t delete that unknown app https://t.co/LOMxLeE2JE,bug_feature,False,Can be auto-handled with standard troubleshooting steps.,"@156772 Let's take a look at this together. Did you notice this after deleting or installing a new app? Have you tried restarting, or checking if it was deleted in Settings &gt; General &gt; iPhone Storage? DM us your response. https://t.co/GDrqU22YpT"
2019986,"@AppleSupport @115858 why are my (letter between u &amp; o) turning into i️ 

I️ don’t know why this is happening please help",bug_feature,False,Can be auto-handled with standard troubleshooting steps.,"@597346 Hey there! In the meantime, check out this workaround for a temporary fix: https://t.co/xU1AGHStV6 DM us any questions: https://t.co/GDrqU22YpT"
1364783,"@AppleSupport My phone always shuts down for no reason, the screen freezes, ...
I really need it, I just moved abroad",hardware_purchase,True,Requires store appointment or checking order status.,@291734 We'd be happy to look into what's going on. Which iPhone and iOS version are you using?
857919,"Hey @AppleSupport , my iPhone 6 will not connect to LTE. This happened only after I updated it to IOS 11. Help?",ios_update,False,Can be auto-handled with standard troubleshooting steps.,@323727 We'd love to help. Could you Direct Message us and let us know what country you're located in? https://t.co/GDrqU22YpT
2300417,Sooo when is @115858 going to fix this I️ situation ?,other,False,Can be auto-handled with standard troubleshooting steps.,"@667676 An update has been released to assist with this issue. If you haven’t yet, please back up your device and update it to iOS 11.1.1. For more info, check out: https://t.co/4f8hwT5to6"
2524446,Hey @AppleSupport can you help with the autocorrecting of I️,bug_feature,False,Can be auto-handled with standard troubleshooting steps.,"@718871 Of course we can! We're happy to help with any issues you maybe having. So we can take a look into this issue, if you go into Settings &gt; General &gt; About are you running iOS 11.1.1? If not, a fix was provided in that update. https://t.co/80YRnjDFDk"
1753213,". @AppleSupport since the latest update, this is how notifications pop up. #ios11bug #fixit https://t.co/hMPOTqwiIg",ios_update,False,Can be auto-handled with standard troubleshooting steps.,@528114  We want to help.  Have you tried restarting your device and checking again?  Here’s how: https://t.co/OWRDHWSt4h
2139880,@115858 fix the I️ button,other,False,Can be auto-handled with standard troubleshooting steps.,@629318 Here’s what you can do to work around the issue until it’s fixed in a future software update: https://t.co/xXaXeeSRt9
1930506,"@AppleSupport hey, some of my current messages are disappearing. I’ll have a convo with someone and then go back and it’s not there...?",bug_feature,False,Can be auto-handled with standard troubleshooting steps.,@316656 We'd love to help. We know how important it is to have Messages history available. Please DM us which version of iOS you're using. https://t.co/GDrqU22YpT
1736100,"@AppleSupport When driving mode is on and I receive a call, I can’t turn volume up or down from my Apple headphones.",bug_feature,False,Can be auto-handled with standard troubleshooting steps.,@524167 Hey there! We've received your DM and will join you there shortly. Thanks!
501514,"Hey @115858 my phone’s getting worse by the day because your updates are trying to destroy it. We don’t all wanna rush out and buy your newly released product, so release a new update to repair the damage you’ve deliberately caused if you’d be so kind https://t.co/3Cefne5x1O",ios_update,False,Can be auto-handled with standard troubleshooting steps.,@234822 We'd still like to see if we can help. DM us if you'd like to work with us on resolving the issues you're having with slowness on your iPhone. https://t.co/GDrqU22YpT
2035830,My iPhone is all kinds of fucked up @115858 better get their shit together,other,True,Customer expresses high frustration.,"@601886 We'd like to see how we can help with your iPhone. To get started, send us a DM with what's going on. We'll meet you there. https://t.co/GDrqU22YpT"
1134146,"@115858 how do I remove a podcast from downloaded, but not delete, in the new iOS? @AppleSupport",ios_update,False,Can be auto-handled with standard troubleshooting steps.,@387236 We'd like to help! Check out this article: https://t.co/OyMCqqvVRX
1886655,@AppleSupport my phone freezes at least 20 times a day since the update. 🙃,ios_update,False,Can be auto-handled with standard troubleshooting steps.,@562712 We're here to help. Is this after you've updated to iOS 11.0.3? Is it a specific app that freezes or random? Let us know in DM. https://t.co/GDrqU22YpT
1507336,@249 having trouble activating @115858 #watch data sharing. Please help.,other,False,Can be auto-handled with standard troubleshooting steps.,"@469841 We can take a look at this with you too. First, check out: https://t.co/KOL5yoJPjs"
644971,@AppleSupport I upgraded to iOS 11.1.2 and now my iPhone 6 can’t hold a charge at all! HELP!,ios_update,False,Can be auto-handled with standard troubleshooting steps.,"@273077 Let’s investigate this. Use the link below to join us in DM, and we’ll work towards a resolution together. https://t.co/GDrqU22YpT"
1557824,"@AppleSupport Today in my morning run I was stuck to fix my #AppleWatch rather than running so can you look into this, it`s really frustrating.  https://t.co/jObZgRKOdW",bug_feature,False,Can be auto-handled with standard troubleshooting steps.,"@481523 We'd be happy to look at this with you. Can you tell us what iOS and watchOS versions you're using? Also, can you describe what's happening in you're own words?"
2477657,i love when my phone won’t load ANYTHING and i have to restart it at least 6 times in 5 minutes @115858 u suck,other,False,Can be auto-handled with standard troubleshooting steps.,@708174 We’re here to help. Please DM us the software version you’re using so we can better assist you. https://t.co/GDrqU22YpT
2371194,"@AppleSupport
Are apps allowed to demand 5* reviews in return for unlocking features?",bug_feature,False,Can be auto-handled with standard troubleshooting steps.,"@258735 We'd love to help. Each app is different and the developers of the apps can request that information once the app is downloaded, but it is left to the discretion of the developer."
1011847,"Pourquoi mon iPhone 7 est si lent ?

Hey @AppleSupport why is my iPhone 7 so slow ? And battery draining quite fast.",battery_power,False,Can be auto-handled with standard troubleshooting steps.,@260877 Thanks for getting in touch. We'd like to assist. DM us and we'll go from there. https://t.co/GDrqU22YpT
1746795,"Hey @115858, it’s about high time we fix the #I️  software glitch, don’t you think?",bug_feature,False,Can be auto-handled with standard troubleshooting steps.,@526611 Here’s what you can do to work around the issue until it’s fixed in a future software update: https://t.co/xXaXeeSRt9
2136667,Hey @AppleSupport the new capital I️ displays as “A ?” on my 11.0.1 device. Your PMs should know better than to release that horrid bug into the wild.,ios_update,False,Can be auto-handled with standard troubleshooting steps.,@628546 Here’s what you can do to work around the issue until it’s fixed in a future software update: https://t.co/xXaXeeSRt9
1245462,#DesktopTweeting bc iOS 11 randomly fucked up my perfectly fine iPhone @115858 @115858 @115858 @115858,ios_update,True,Customer expresses high frustration.,"@412170 Let's help you get your iPhone working. Tell us more about what you're experiencing, and the version of IOS 11 running."
2269948,"The photos my iPad offloads to iCloud to save space on the device are the ones I have just taken right now, not the ones that I have not watched for months. How stupid is that ? @AppleSupport @123857",bug_feature,False,Can be auto-handled with standard troubleshooting steps.,@478114 We have a team who specialize in the Photos app and would love for you to get in touch with them. You can reach them here: https://t.co/IBIY3vMgPj
2434248,@AppleSupport 11.0.3 yazılım güncellemesinden sonra şarjım çok çabuk bitmeye başladı. Bir çözüm bulacak mısınız ?,ios_update,False,Can be auto-handled with standard troubleshooting steps.,@698531  We offer support via Twitter in English. Contact us for help in your preferred language here: https://t.co/IBIY3vMgPj
1755924,@AppleSupport my iPhone 6 plus has become so slow after iOS 11.0.3 and it drains battery very rapidly. Please issue a fix soon. Thanks,ios_update,False,Can be auto-handled with standard troubleshooting steps.,@528754 We can definitely look into this with you. Send us a DM and we'll investigate this further together. https://t.co/GDrqU22YpT
1208446,"@applesupport
I have just moved from windows to iMac. iTunes won't add artwork for my cd's even though the same cd's are in the iTunes Store",hardware_purchase,True,Requires store appointment or checking order status.,@403734 We'd be happy to see how we can help. Are you subscribed to iTunes Match?
2014032,@AppleSupport why the hell does it keep looking like this when I️ type I️? Happens on eye and eye’m.,bug_feature,False,Can be auto-handled with standard troubleshooting steps.,@595533 Thanks for reaching out. We have a workaround for this here: https://t.co/xXaXeeSRt9 DM us if you still need help. https://t.co/GDrqU22YpT
10689,updated to iOS 11.1 @AppleSupport and there's so many glitches and bugs I found inside the update,ios_update,False,Can be auto-handled with standard troubleshooting steps.,@117966 We'd be happy to help. Send us a DM and we can start there. https://t.co/GDrqU22YpT
1818344,Dear @AppleSupport do not understand why 2-factor ID # is sent to device I am using. Doesn't that defeat purpose?,bug_feature,False,Can be auto-handled with standard troubleshooting steps.,@437816 We can help with this. Meet us in DM to get started. https://t.co/GDrqU22YpT
2057408,@applesupport thank you for wasting my time Im now spending over 30 min on the phone just to try and speak to the store manager @ arden fair,hardware_purchase,True,Requires store appointment or checking order status.,@608481 We understand how valuable your time is. Send us a DM telling what's happening. We'll see how we can help. https://t.co/GDrqU22YpT
1579786,So the yall release the iPhone X then anytime I️ type the letter “I” this shit pops up. @AppleSupport @115858 @AppleSupport fix your shit https://t.co/pSZFwDthSu,bug_feature,True,Customer expresses high frustration.,@486434 Check out this article and DM us if you have questions: https://t.co/xU1AGHStV6 https://t.co/GDrqU22YpT
2057541,Congrats to @116333 and all the people at Apple for destroying my battery life with iOS 11,ios_update,False,Can be auto-handled with standard troubleshooting steps.,@608531 We'd be happy to see how we can help with your battery. Send us a DM with details and we'll go from there. https://t.co/GDrqU22YpT
2507401,@AppleSupport  WHAT IS THIS WHY IS THIS HAPPENING https://t.co/5rEPwk4aSE,bug_feature,False,Can be auto-handled with standard troubleshooting steps.,"@635711 Great question. This usually happens when their is an outstanding balance on your family member accounts. Once the balance is taken care of, you can use the App Store as expected again."
